Accident Type,MAIS,PassengerCar_Count,PassengerCar_%,LightTruck_Count,LightTruck_%,HeavyTruck_Count,HeavyTruck_%,AverageOf_PassengerCar_and_HeavyTruck
2,0,114,25.16556291,32,20.12578616,32,32.32323232,28.74439762
2,1,131,28.9183223,65,40.88050314,33,33.33333333,31.12582781
2,2,60,13.24503311,15,9.433962264,7,7.070707071,10.15787009
2,3,59,13.02428256,28,17.61006289,7,7.070707071,10.04749482
2,4,42,9.271523179,8,5.031446541,7,7.070707071,8.171115125
2,5,21,4.635761589,2,1.257861635,3,3.03030303,3.83303231
2,6,12,2.649006623,1,0.628930818,1,1.01010101,1.829553816
2,7,14,3.090507726,8,5.031446541,9,9.090909091,6.090708409
85,0,0,0,0,0,0,0,0
85,1,0,0,0,0,0,0,0
85,2,0,0,0,0,0,0,0
85,3,0,0,0,0,0,0,0
85,4,0,0,0,0,0,0,0
85,5,0,0,0,0,0,0,0
85,6,0,0,0,0,0,0,0
85,7,0,0,0,0,0,0,0
39,0,0,0,0,0,0,0,0
39,1,0,0,0,0,0,0,0
39,2,0,0,0,0,0,0,0
39,3,0,0,0,0,0,0,0
39,4,0,0,0,0,0,0,0
39,5,0,0,0,0,0,0,0
39,6,0,0,0,0,0,0,0
39,7,0,0,0,0,0,0,0
34,0,0,0,0,0,0,0,0
34,1,0,0,0,0,0,0,0
34,2,0,0,0,0,0,0,0
34,3,0,0,0,0,0,0,0
34,4,0,0,0,0,0,0,0
34,5,0,0,0,0,0,0,0
34,6,0,0,0,0,0,0,0
34,7,0,0,0,0,0,0,0
76,0,0,0,0,0,0,0,0
76,1,0,0,0,0,0,0,0
76,2,0,0,0,0,0,0,0
76,3,0,0,0,0,0,0,0
76,4,0,0,0,0,0,0,0
76,5,0,0,0,0,0,0,0
76,6,0,0,0,0,0,0,0
76,7,0,0,0,0,0,0,0
69,0,923,35.33690658,263,33.24905183,103,29.76878613,32.55284636
69,1,1242,47.54977029,349,44.12136536,167,48.26589595,47.90783312
69,2,217,8.307810107,72,9.102402023,38,10.98265896,9.645234533
69,3,124,4.747320061,26,3.286978508,16,4.624277457,4.685798759
69,4,28,1.071975498,8,1.011378003,8,2.312138728,1.692057113
69,5,5,0.191424196,8,1.011378003,2,0.578034682,0.384729439
69,6,0,0,0,0,0,0,0
69,7,73,2.794793262,65,8.217446271,12,3.468208092,3.131500677
78,0,0,0,0,0,0,0,0
78,1,0,0,0,0,0,0,0
78,2,0,0,0,0,0,0,0
78,3,0,0,0,0,0,0,0
78,4,0,0,0,0,0,0,0
78,5,0,0,0,0,0,0,0
78,6,0,0,0,0,0,0,0
78,7,0,0,0,0,0,0,0
64,0,71,20,34,20.60606061,15,16.66666667,18.33333333
64,1,133,37.46478873,85,51.51515152,22,24.44444444,30.95461659
64,2,48,13.52112676,9,5.454545455,12,13.33333333,13.42723005
64,3,46,12.95774648,12,7.272727273,17,18.88888889,15.92331768
64,4,16,4.507042254,1,0.606060606,4,4.444444444,4.475743349
64,5,16,4.507042254,2,1.212121212,4,4.444444444,4.475743349
64,6,16,4.507042254,0,0,2,2.222222222,3.364632238
64,7,9,2.535211268,22,13.33333333,14,15.55555556,9.045383412
73,0,0,0,0,0,0,0,0
73,1,0,0,0,0,0,0,0
73,2,0,0,0,0,0,0,0
73,3,0,0,0,0,0,0,0
73,4,0,0,0,0,0,0,0
73,5,0,0,0,0,0,0,0
73,6,0,0,0,0,0,0,0
73,7,0,0,0,0,0,0,0
15,0,0,0,0,0,0,0,0
15,1,0,0,0,0,0,0,0
15,2,0,0,0,0,0,0,0
15,3,0,0,0,0,0,0,0
15,4,0,0,0,0,0,0,0
15,5,0,0,0,0,0,0,0
15,6,0,0,0,0,0,0,0
15,7,0,0,0,0,0,0,0
45,0,0,0,0,0,0,0,0
45,1,0,0,0,0,0,0,0
45,2,0,0,0,0,0,0,0
45,3,0,0,0,0,0,0,0
45,4,0,0,0,0,0,0,0
45,5,0,0,0,0,0,0,0
45,6,0,0,0,0,0,0,0
45,7,0,0,0,0,0,0,0
51,0,69,15.09846827,52,17.68707483,48,18.8976378,16.99805303
51,1,164,35.88621444,89,30.27210884,76,29.92125984,32.90373714
51,2,85,18.59956236,48,16.32653061,40,15.7480315,17.17379693
51,3,79,17.28665208,57,19.3877551,68,26.77165354,22.02915281
51,4,11,2.407002188,20,6.802721088,10,3.937007874,3.172005031
51,5,23,5.032822757,18,6.12244898,6,2.362204724,3.697513741
51,6,6,1.312910284,0,0,2,0.787401575,1.05015593
51,7,20,4.376367615,10,3.401360544,4,1.57480315,2.975585382
70,0,0,0,0,0,0,0,0
70,1,0,0,0,0,0,0,0
70,2,0,0,0,0,0,0,0
70,3,0,0,0,0,0,0,0
70,4,0,0,0,0,0,0,0
70,5,0,0,0,0,0,0,0
70,6,0,0,0,0,0,0,0
70,7,0,0,0,0,0,0,0
3,0,0,0,0,0,0,0,0
3,1,0,0,0,0,0,0,0
3,2,0,0,0,0,0,0,0
3,3,0,0,0,0,0,0,0
3,4,0,0,0,0,0,0,0
3,5,0,0,0,0,0,0,0
3,6,0,0,0,0,0,0,0
3,7,0,0,0,0,0,0,0
89,0,473,35.11507053,147,38.58267717,34,31.77570093,33.44538573
89,1,566,42.01930215,173,45.40682415,53,49.53271028,45.77600622
89,2,107,7.943578322,29,7.611548556,4,3.738317757,5.84094804
89,3,83,6.161841128,18,4.724409449,5,4.672897196,5.417369162
89,4,49,3.637713437,4,1.049868766,2,1.869158879,2.753436158
89,5,22,1.633259094,0,0,4,3.738317757,2.685788426
89,6,4,0.296956199,0,0,0,0,0.148478099
89,7,43,3.192279139,10,2.624671916,5,4.672897196,3.932588168
68,0,0,0,0,0,0,0,0
68,1,0,0,0,0,0,0,0
68,2,0,0,0,0,0,0,0
68,3,0,0,0,0,0,0,0
68,4,0,0,0,0,0,0,0
68,5,0,0,0,0,0,0,0
68,6,0,0,0,0,0,0,0
68,7,0,0,0,0,0,0,0
26,0,0,0,0,0,0,0,0
26,1,0,0,0,0,0,0,0
26,2,0,0,0,0,0,0,0
26,3,0,0,0,0,0,0,0
26,4,0,0,0,0,0,0,0
26,5,0,0,0,0,0,0,0
26,6,0,0,0,0,0,0,0
26,7,0,0,0,0,0,0,0
21,0,543,52.56534366,250,50.30181087,75,66.37168142,59.46851254
21,1,396,38.33494676,203,40.84507042,22,19.46902655,28.90198665
21,2,26,2.516940949,19,3.822937626,5,4.424778761,3.470859855
21,3,14,1.355275895,14,2.816901408,5,4.424778761,2.890027328
21,4,0,0,0,0,1,0.884955752,0.442477876
21,5,11,1.064859632,0,0,0,0,0.532429816
21,6,1,0.096805421,0,0,2,1.769911504,0.933358463
21,7,42,4.065827686,11,2.213279678,3,2.654867257,3.360347471
6,0,35,13.671875,21,18.75,2,4.87804878,9.27496189
6,1,74,28.90625,34,30.35714286,18,43.90243902,36.40434451
6,2,49,19.140625,16,14.28571429,10,24.3902439,21.76543445
6,3,51,19.921875,19,16.96428571,7,17.07317073,18.49752287
6,4,20,7.8125,8,7.142857143,2,4.87804878,6.34527439
6,5,11,4.296875,8,7.142857143,2,4.87804878,4.58746189
6,6,7,2.734375,3,2.678571429,0,0,1.3671875
6,7,9,3.515625,3,2.678571429,0,0,1.7578125
56,0,0,0,0,0,0,0,0
56,1,0,0,0,0,0,0,0
56,2,0,0,0,0,0,0,0
56,3,0,0,0,0,0,0,0
56,4,0,0,0,0,0,0,0
56,5,0,0,0,0,0,0,0
56,6,0,0,0,0,0,0,0
56,7,0,0,0,0,0,0,0
23,0,0,0,0,0,0,0,0
23,1,0,0,0,0,0,0,0
23,2,0,0,0,0,0,0,0
23,3,0,0,0,0,0,0,0
23,4,0,0,0,0,0,0,0
23,5,0,0,0,0,0,0,0
23,6,0,0,0,0,0,0,0
23,7,0,0,0,0,0,0,0
81,0,0,0,0,0,0,0,0
81,1,0,0,0,0,0,0,0
81,2,0,0,0,0,0,0,0
81,3,0,0,0,0,0,0,0
81,4,0,0,0,0,0,0,0
81,5,0,0,0,0,0,0,0
81,6,0,0,0,0,0,0,0
81,7,0,0,0,0,0,0,0
11,0,22,37.93103448,5,35.71428571,3,100,68.96551724
11,1,22,37.93103448,2,14.28571429,0,0,18.96551724
11,2,4,6.896551724,3,21.42857143,0,0,3.448275862
11,3,4,6.896551724,3,21.42857143,0,0,3.448275862
11,4,1,1.724137931,0,0,0,0,0.862068966
11,5,1,1.724137931,0,0,0,0,0.862068966
11,6,0,0,0,0,0,0,0
11,7,4,6.896551724,1,7.142857143,0,0,3.448275862
46,0,0,0,0,0,0,0,0
46,1,0,0,0,0,0,0,0
46,2,0,0,0,0,0,0,0
46,3,0,0,0,0,0,0,0
46,4,0,0,0,0,0,0,0
46,5,0,0,0,0,0,0,0
46,6,0,0,0,0,0,0,0
46,7,0,0,0,0,0,0,0
72,0,0,0,0,0,0,0,0
72,1,0,0,0,0,0,0,0
72,2,0,0,0,0,0,0,0
72,3,0,0,0,0,0,0,0
72,4,0,0,0,0,0,0,0
72,5,0,0,0,0,0,0,0
72,6,0,0,0,0,0,0,0
72,7,0,0,0,0,0,0,0
41,0,0,0,0,0,0,0,0
41,1,0,0,0,0,0,0,0
41,2,0,0,0,0,0,0,0
41,3,0,0,0,0,0,0,0
41,4,0,0,0,0,0,0,0
41,5,0,0,0,0,0,0,0
41,6,0,0,0,0,0,0,0
41,7,0,0,0,0,0,0,0
4,0,0,0,0,0,0,0,0
4,1,0,0,0,0,0,0,0
4,2,0,0,0,0,0,0,0
4,3,0,0,0,0,0,0,0
4,4,0,0,0,0,0,0,0
4,5,0,0,0,0,0,0,0
4,6,0,0,0,0,0,0,0
4,7,0,0,0,0,0,0,0
77,0,0,0,0,0,0,0,0
77,1,0,0,0,0,0,0,0
77,2,0,0,0,0,0,0,0
77,3,0,0,0,0,0,0,0
77,4,0,0,0,0,0,0,0
77,5,0,0,0,0,0,0,0
77,6,0,0,0,0,0,0,0
77,7,0,0,0,0,0,0,0
35,0,0,0,0,0,0,0,0
35,1,0,0,0,0,0,0,0
35,2,0,0,0,0,0,0,0
35,3,0,0,0,0,0,0,0
35,4,0,0,0,0,0,0,0
35,5,0,0,0,0,0,0,0
35,6,0,0,0,0,0,0,0
35,7,0,0,0,0,0,0,0
65,0,71,26.49253731,38,17.9245283,35,32.71028037,29.60140884
65,1,91,33.95522388,110,51.88679245,37,34.57943925,34.26733157
65,2,23,8.582089552,29,13.67924528,17,15.88785047,12.23497001
65,3,29,10.82089552,20,9.433962264,6,5.607476636,8.214186079
65,4,5,1.865671642,5,2.358490566,6,5.607476636,3.736574139
65,5,3,1.119402985,4,1.886792453,2,1.869158879,1.494280932
65,6,10,3.731343284,2,0.943396226,0,0,1.865671642
65,7,36,13.43283582,4,1.886792453,4,3.738317757,8.585576789
49,0,0,0,0,0,0,0,0
49,1,0,0,0,0,0,0,0
49,2,0,0,0,0,0,0,0
49,3,0,0,0,0,0,0,0
49,4,0,0,0,0,0,0,0
49,5,0,0,0,0,0,0,0
49,6,0,0,0,0,0,0,0
49,7,0,0,0,0,0,0,0
91,0,0,0,0,0,0,0,0
91,1,0,0,0,0,0,0,0
91,2,0,0,0,0,0,0,0
91,3,0,0,0,0,0,0,0
91,4,0,0,0,0,0,0,0
91,5,0,0,0,0,0,0,0
91,6,0,0,0,0,0,0,0
91,7,0,0,0,0,0,0,0
16,0,0,0,0,0,0,0,0
16,1,0,0,0,0,0,0,0
16,2,0,0,0,0,0,0,0
16,3,0,0,0,0,0,0,0
16,4,0,0,0,0,0,0,0
16,5,0,0,0,0,0,0,0
16,6,0,0,0,0,0,0,0
16,7,0,0,0,0,0,0,0
74,0,0,0,0,0,0,0,0
74,1,0,0,0,0,0,0,0
74,2,0,0,0,0,0,0,0
74,3,0,0,0,0,0,0,0
74,4,0,0,0,0,0,0,0
74,5,0,0,0,0,0,0,0
74,6,0,0,0,0,0,0,0
74,7,0,0,0,0,0,0,0
53,0,0,0,0,0,0,0,0
53,1,0,0,0,0,0,0,0
53,2,0,0,0,0,0,0,0
53,3,0,0,0,0,0,0,0
53,4,0,0,0,0,0,0,0
53,5,0,0,0,0,0,0,0
53,6,0,0,0,0,0,0,0
53,7,0,0,0,0,0,0,0
,0,0,0,0,0,0,0,0
,1,0,0,0,0,0,0,0
,2,0,0,0,0,0,0,0
,3,0,0,0,0,0,0,0
,4,0,0,0,0,0,0,0
,5,0,0,0,0,0,0,0
,6,0,0,0,0,0,0,0
,7,0,0,0,0,0,0,0
92,0,0,0,0,0,0,0,0
92,1,0,0,0,0,0,0,0
92,2,0,0,0,0,0,0,0
92,3,0,0,0,0,0,0,0
92,4,0,0,0,0,0,0,0
92,5,0,0,0,0,0,0,0
92,6,0,0,0,0,0,0,0
92,7,0,0,0,0,0,0,0
22,0,0,0,0,0,0,0,0
22,1,0,0,0,0,0,0,0
22,2,0,0,0,0,0,0,0
22,3,0,0,0,0,0,0,0
22,4,0,0,0,0,0,0,0
22,5,0,0,0,0,0,0,0
22,6,0,0,0,0,0,0,0
22,7,0,0,0,0,0,0,0
31,0,0,0,0,0,0,0,0
31,1,0,0,0,0,0,0,0
31,2,0,0,0,0,0,0,0
31,3,0,0,0,0,0,0,0
31,4,0,0,0,0,0,0,0
31,5,0,0,0,0,0,0,0
31,6,0,0,0,0,0,0,0
31,7,0,0,0,0,0,0,0
90,0,0,0,0,0,0,0,0
90,1,0,0,0,0,0,0,0
90,2,0,0,0,0,0,0,0
90,3,0,0,0,0,0,0,0
90,4,0,0,0,0,0,0,0
90,5,0,0,0,0,0,0,0
90,6,0,0,0,0,0,0,0
90,7,0,0,0,0,0,0,0
59,0,0,0,0,0,0,0,0
59,1,0,0,0,0,0,0,0
59,2,0,0,0,0,0,0,0
59,3,0,0,0,0,0,0,0
59,4,0,0,0,0,0,0,0
59,5,0,0,0,0,0,0,0
59,6,0,0,0,0,0,0,0
59,7,0,0,0,0,0,0,0
54,0,0,0,0,0,0,0,0
54,1,0,0,0,0,0,0,0
54,2,0,0,0,0,0,0,0
54,3,0,0,0,0,0,0,0
54,4,0,0,0,0,0,0,0
54,5,0,0,0,0,0,0,0
54,6,0,0,0,0,0,0,0
54,7,0,0,0,0,0,0,0
82,0,436,34.46640316,131,33.67609254,35,22.58064516,28.52352416
82,1,545,43.08300395,194,49.8714653,84,54.19354839,48.63827617
82,2,91,7.193675889,15,3.856041131,10,6.451612903,6.822644396
82,3,107,8.458498024,21,5.398457584,15,9.677419355,9.067958689
82,4,31,2.450592885,5,1.285347044,1,0.64516129,1.547877088
82,5,9,0.711462451,11,2.827763496,2,1.290322581,1.000892516
82,6,4,0.316205534,0,0,2,1.290322581,0.803264057
82,7,42,3.320158103,12,3.084832905,6,3.870967742,3.595562922
52,0,28,21.21212121,2,3.636363636,2,16.66666667,18.93939394
52,1,84,63.63636364,18,32.72727273,4,33.33333333,48.48484848
52,2,0,0,8,14.54545455,1,8.333333333,4.166666667
52,3,10,7.575757576,2,3.636363636,2,16.66666667,12.12121212
52,4,1,0.757575758,0,0,0,0,0.378787879
52,5,8,6.060606061,17,30.90909091,1,8.333333333,7.196969697
52,6,0,0,0,0,0,0,0
52,7,1,0.757575758,8,14.54545455,2,16.66666667,8.712121212
61,0,0,0,0,0,0,0,0
61,1,0,0,0,0,0,0,0
61,2,0,0,0,0,0,0,0
61,3,0,0,0,0,0,0,0
61,4,0,0,0,0,0,0,0
61,5,0,0,0,0,0,0,0
61,6,0,0,0,0,0,0,0
61,7,0,0,0,0,0,0,0
10,0,0,0,0,0,0,0,0
10,1,0,0,0,0,0,0,0
10,2,0,0,0,0,0,0,0
10,3,0,0,0,0,0,0,0
10,4,0,0,0,0,0,0,0
10,5,0,0,0,0,0,0,0
10,6,0,0,0,0,0,0,0
10,7,0,0,0,0,0,0,0
U,0,0,0,0,0,0,0,0
U,1,0,0,0,0,0,0,0
U,2,0,0,0,0,0,0,0
U,3,0,0,0,0,0,0,0
U,4,0,0,0,0,0,0,0
U,5,0,0,0,0,0,0,0
U,6,0,0,0,0,0,0,0
U,7,0,0,0,0,0,0,0
86,0,292,36.18339529,96,23.52941176,51,28.33333333,32.25836431
86,1,359,44.48574969,177,43.38235294,84,46.66666667,45.57620818
86,2,69,8.550185874,38,9.31372549,9,5,6.775092937
86,3,28,3.469640644,15,3.676470588,18,10,6.734820322
86,4,8,0.991325898,17,4.166666667,4,2.222222222,1.60677406
86,5,6,0.743494424,18,4.411764706,6,3.333333333,2.038413879
86,6,0,0,0,0,4,2.222222222,1.111111111
86,7,45,5.576208178,47,11.51960784,4,2.222222222,3.8992152
27,0,0,0,0,0,0,0,0
27,1,0,0,0,0,0,0,0
27,2,0,0,0,0,0,0,0
27,3,0,0,0,0,0,0,0
27,4,0,0,0,0,0,0,0
27,5,0,0,0,0,0,0,0
27,6,0,0,0,0,0,0,0
27,7,0,0,0,0,0,0,0
88,0,292,31.09691161,158,43.40659341,63,29.71698113,30.40694637
88,1,417,44.40894569,146,40.10989011,92,43.39622642,43.90258605
88,2,75,7.987220447,22,6.043956044,19,8.962264151,8.474742299
88,3,74,7.880724175,15,4.120879121,20,9.433962264,8.657343219
88,4,11,1.171458999,8,2.197802198,9,4.245283019,2.708371009
88,5,19,2.02342918,4,1.098901099,3,1.41509434,1.71926176
88,6,6,0.638977636,0,0,2,0.943396226,0.791186931
88,7,45,4.792332268,11,3.021978022,4,1.886792453,3.339562361
40,0,0,0,0,0,0,0,0
40,1,0,0,0,0,0,0,0
40,2,0,0,0,0,0,0,0
40,3,0,0,0,0,0,0,0
40,4,0,0,0,0,0,0,0
40,5,0,0,0,0,0,0,0
40,6,0,0,0,0,0,0,0
40,7,0,0,0,0,0,0,0
83,0,382,34.04634581,171,37.5,59,38.06451613,36.05543097
83,1,564,50.26737968,181,39.69298246,57,36.77419355,43.52078661
83,2,61,5.436720143,36,7.894736842,14,9.032258065,7.234489104
83,3,65,5.793226381,41,8.99122807,19,12.25806452,9.025645449
83,4,7,0.623885918,10,2.192982456,2,1.290322581,0.957104249
83,5,9,0.802139037,6,1.315789474,2,1.290322581,1.046230809
83,6,6,0.534759358,0,0,0,0,0.267379679
83,7,28,2.495543672,11,2.412280702,2,1.290322581,1.892933126
57,0,0,0,0,0,0,0,0
57,1,0,0,0,0,0,0,0
57,2,0,0,0,0,0,0,0
57,3,0,0,0,0,0,0,0
57,4,0,0,0,0,0,0,0
57,5,0,0,0,0,0,0,0
57,6,0,0,0,0,0,0,0
57,7,0,0,0,0,0,0,0
13,0,14,73.68421053,9,69.23076923,6,50,61.84210526
13,1,4,21.05263158,4,30.76923077,4,33.33333333,27.19298246
13,2,1,5.263157895,0,0,0,0,2.631578947
13,3,0,0,0,0,2,16.66666667,8.333333333
13,4,0,0,0,0,0,0,0
13,5,0,0,0,0,0,0,0
13,6,0,0,0,0,0,0,0
13,7,0,0,0,0,0,0,0
47,0,0,0,0,0,0,0,0
47,1,0,0,0,0,0,0,0
47,2,0,0,0,0,0,0,0
47,3,0,0,0,0,0,0,0
47,4,0,0,0,0,0,0,0
47,5,0,0,0,0,0,0,0
47,6,0,0,0,0,0,0,0
47,7,0,0,0,0,0,0,0
75,0,0,0,0,0,0,0,0
75,1,0,0,0,0,0,0,0
75,2,0,0,0,0,0,0,0
75,3,0,0,0,0,0,0,0
75,4,0,0,0,0,0,0,0
75,5,0,0,0,0,0,0,0
75,6,0,0,0,0,0,0,0
75,7,0,0,0,0,0,0,0
43,0,0,0,0,0,0,0,0
43,1,0,0,0,0,0,0,0
43,2,0,0,0,0,0,0,0
43,3,0,0,0,0,0,0,0
43,4,0,0,0,0,0,0,0
43,5,0,0,0,0,0,0,0
43,6,0,0,0,0,0,0,0
43,7,0,0,0,0,0,0,0
29,0,0,0,0,0,0,0,0
29,1,0,0,0,0,0,0,0
29,2,0,0,0,0,0,0,0
29,3,0,0,0,0,0,0,0
29,4,0,0,0,0,0,0,0
29,5,0,0,0,0,0,0,0
29,6,0,0,0,0,0,0,0
29,7,0,0,0,0,0,0,0
24,0,112,41.63568773,22,27.5,17,20.48192771,31.05880772
24,1,94,34.94423792,31,38.75,41,49.39759036,42.17091414
24,2,33,12.26765799,8,10,12,14.45783133,13.36274466
24,3,10,3.717472119,15,18.75,6,7.228915663,5.473193891
24,4,1,0.371747212,0,0,0,0,0.185873606
24,5,2,0.743494424,2,2.5,0,0,0.371747212
24,6,4,1.486988848,2,2.5,0,0,0.743494424
24,7,13,4.832713755,0,0,7,8.43373494,6.633224347
38,0,0,0,0,0,0,0,0
38,1,0,0,0,0,0,0,0
38,2,0,0,0,0,0,0,0
38,3,0,0,0,0,0,0,0
38,4,0,0,0,0,0,0,0
38,5,0,0,0,0,0,0,0
38,6,0,0,0,0,0,0,0
38,7,0,0,0,0,0,0,0
14,0,0,0,0,0,0,0,0
14,1,0,0,0,0,0,0,0
14,2,0,0,0,0,0,0,0
14,3,0,0,0,0,0,0,0
14,4,0,0,0,0,0,0,0
14,5,0,0,0,0,0,0,0
14,6,0,0,0,0,0,0,0
14,7,0,0,0,0,0,0,0
20,0,919,51.95025438,230,44.48742747,76,40.64171123,46.29598281
20,1,613,34.65234596,225,43.52030948,80,42.78074866,38.71654731
20,2,86,4.861503674,18,3.481624758,12,6.417112299,5.639307987
20,3,58,3.278688525,15,2.901353965,3,1.604278075,2.4414833
20,4,5,0.282645562,5,0.967117988,0,0,0.141322781
20,5,18,1.017524025,4,0.773694391,0,0,0.508762012
20,6,5,0.282645562,6,1.160541586,0,0,0.141322781
20,7,65,3.674392312,14,2.707930368,16,8.556149733,6.115271022
12,0,0,0,0,0,0,0,0
12,1,0,0,0,0,0,0,0
12,2,0,0,0,0,0,0,0
12,3,0,0,0,0,0,0,0
12,4,0,0,0,0,0,0,0
12,5,0,0,0,0,0,0,0
12,6,0,0,0,0,0,0,0
12,7,0,0,0,0,0,0,0
44,0,0,0,0,0,0,0,0
44,1,0,0,0,0,0,0,0
44,2,0,0,0,0,0,0,0
44,3,0,0,0,0,0,0,0
44,4,0,0,0,0,0,0,0
44,5,0,0,0,0,0,0,0
44,6,0,0,0,0,0,0,0
44,7,0,0,0,0,0,0,0
50,0,123,21.96428571,49,14.54005935,8,12.30769231,17.13598901
50,1,170,30.35714286,108,32.04747774,22,33.84615385,32.10164835
50,2,92,16.42857143,56,16.61721068,6,9.230769231,12.82967033
50,3,109,19.46428571,75,22.25519288,17,26.15384615,22.80906593
50,4,13,2.321428571,23,6.824925816,2,3.076923077,2.699175824
50,5,28,5,7,2.077151335,4,6.153846154,5.576923077
50,6,4,0.714285714,7,2.077151335,2,3.076923077,1.895604396
50,7,21,3.75,12,3.560830861,4,6.153846154,4.951923077
42,0,0,0,0,0,0,0,0
42,1,0,0,0,0,0,0,0
42,2,0,0,0,0,0,0,0
42,3,0,0,0,0,0,0,0
42,4,0,0,0,0,0,0,0
42,5,0,0,0,0,0,0,0
42,6,0,0,0,0,0,0,0
42,7,0,0,0,0,0,0,0
93,0,0,0,0,0,0,0,0
93,1,0,0,0,0,0,0,0
93,2,0,0,0,0,0,0,0
93,3,0,0,0,0,0,0,0
93,4,0,0,0,0,0,0,0
93,5,0,0,0,0,0,0,0
93,6,0,0,0,0,0,0,0
93,7,0,0,0,0,0,0,0
7,0,118,32.15258856,31,22.96296296,21,29.16666667,30.65962761
7,1,117,31.88010899,60,44.44444444,26,36.11111111,33.99561005
7,2,45,12.26158038,17,12.59259259,8,11.11111111,11.68634575
7,3,38,10.35422343,17,12.59259259,6,8.333333333,9.343778383
7,4,21,5.722070845,4,2.962962963,4,5.555555556,5.6388132
7,5,10,2.72479564,2,1.481481481,1,1.388888889,2.056842265
7,6,6,1.634877384,0,0,0,0,0.817438692
7,7,12,3.269754768,4,2.962962963,6,8.333333333,5.801544051
30,0,0,0,0,0,0,0,0
30,1,0,0,0,0,0,0,0
30,2,0,0,0,0,0,0,0
30,3,0,0,0,0,0,0,0
30,4,0,0,0,0,0,0,0
30,5,0,0,0,0,0,0,0
30,6,0,0,0,0,0,0,0
30,7,0,0,0,0,0,0,0
60,0,0,0,0,0,0,0,0
60,1,0,0,0,0,0,0,0
60,2,0,0,0,0,0,0,0
60,3,0,0,0,0,0,0,0
60,4,0,0,0,0,0,0,0
60,5,0,0,0,0,0,0,0
60,6,0,0,0,0,0,0,0
60,7,0,0,0,0,0,0,0
84,0,0,0,0,0,0,0,0
84,1,0,0,0,0,0,0,0
84,2,0,0,0,0,0,0,0
84,3,0,0,0,0,0,0,0
84,4,0,0,0,0,0,0,0
84,5,0,0,0,0,0,0,0
84,6,0,0,0,0,0,0,0
84,7,0,0,0,0,0,0,0
37,0,0,0,0,0,0,0,0
37,1,0,0,0,0,0,0,0
37,2,0,0,0,0,0,0,0
37,3,0,0,0,0,0,0,0
37,4,0,0,0,0,0,0,0
37,5,0,0,0,0,0,0,0
37,6,0,0,0,0,0,0,0
37,7,0,0,0,0,0,0,0
66,0,95,30.25477707,18,17.82178218,0,0,15.12738854
66,1,103,32.80254777,48,47.52475248,2,25,28.90127389
66,2,18,5.732484076,10,9.900990099,0,0,2.866242038
66,3,38,12.10191083,2,1.98019802,4,50,31.05095541
66,4,6,1.910828025,3,2.97029703,0,0,0.955414013
66,5,32,10.1910828,12,11.88118812,0,0,5.095541401
66,6,2,0.636942675,8,7.920792079,2,25,12.81847134
66,7,20,6.369426752,0,0,0,0,3.184713376
33,0,0,0,0,0,0,0,0
33,1,0,0,0,0,0,0,0
33,2,0,0,0,0,0,0,0
33,3,0,0,0,0,0,0,0
33,4,0,0,0,0,0,0,0
33,5,0,0,0,0,0,0,0
33,6,0,0,0,0,0,0,0
33,7,0,0,0,0,0,0,0
8,0,0,0,0,0,0,0,0
8,1,0,0,0,0,0,0,0
8,2,0,0,0,0,0,0,0
8,3,0,0,0,0,0,0,0
8,4,0,0,0,0,0,0,0
8,5,0,0,0,0,0,0,0
8,6,0,0,0,0,0,0,0
8,7,0,0,0,0,0,0,0
25,0,73,36.13861386,32,22.53521127,15,38.46153846,37.30007616
25,1,80,39.6039604,72,50.70422535,17,43.58974359,41.59685199
25,2,13,6.435643564,19,13.38028169,2,5.128205128,5.781924346
25,3,20,9.900990099,11,7.746478873,3,7.692307692,8.796648896
25,4,2,0.99009901,0,0,0,0,0.495049505
25,5,3,1.485148515,0,0,0,0,0.742574257
25,6,2,0.99009901,0,0,0,0,0.495049505
25,7,9,4.455445545,8,5.633802817,2,5.128205128,4.791825336
67,0,0,0,0,0,0,0,0
67,1,0,0,0,0,0,0,0
67,2,0,0,0,0,0,0,0
67,3,0,0,0,0,0,0,0
67,4,0,0,0,0,0,0,0
67,5,0,0,0,0,0,0,0
67,6,0,0,0,0,0,0,0
67,7,0,0,0,0,0,0,0
63,0,0,0,0,0,0,0,0
63,1,0,0,0,0,0,0,0
63,2,0,0,0,0,0,0,0
63,3,0,0,0,0,0,0,0
63,4,0,0,0,0,0,0,0
63,5,0,0,0,0,0,0,0
63,6,0,0,0,0,0,0,0
63,7,0,0,0,0,0,0,0
55,0,0,0,0,0,0,0,0
55,1,0,0,0,0,0,0,0
55,2,0,0,0,0,0,0,0
55,3,0,0,0,0,0,0,0
55,4,0,0,0,0,0,0,0
55,5,0,0,0,0,0,0,0
55,6,0,0,0,0,0,0,0
55,7,0,0,0,0,0,0,0
28,0,0,0,0,0,0,0,0
28,1,0,0,0,0,0,0,0
28,2,0,0,0,0,0,0,0
28,3,0,0,0,0,0,0,0
28,4,0,0,0,0,0,0,0
28,5,0,0,0,0,0,0,0
28,6,0,0,0,0,0,0,0
28,7,0,0,0,0,0,0,0
87,0,0,0,0,0,0,0,0
87,1,0,0,0,0,0,0,0
87,2,0,0,0,0,0,0,0
87,3,0,0,0,0,0,0,0
87,4,0,0,0,0,0,0,0
87,5,0,0,0,0,0,0,0
87,6,0,0,0,0,0,0,0
87,7,0,0,0,0,0,0,0
58,0,0,0,0,0,0,0,0
58,1,0,0,0,0,0,0,0
58,2,0,0,0,0,0,0,0
58,3,0,0,0,0,0,0,0
58,4,0,0,0,0,0,0,0
58,5,0,0,0,0,0,0,0
58,6,0,0,0,0,0,0,0
58,7,0,0,0,0,0,0,0
48,0,50,44.64285714,38,42.22222222,1,6.666666667,25.6547619
48,1,49,43.75,18,20,6,40,41.875
48,2,4,3.571428571,13,14.44444444,3,20,11.78571429
48,3,2,1.785714286,3,3.333333333,0,0,0.892857143
48,4,2,1.785714286,10,11.11111111,0,0,0.892857143
48,5,3,2.678571429,0,0,3,20,11.33928571
48,6,0,0,0,0,0,0,0
48,7,2,1.785714286,8,8.888888889,2,13.33333333,7.55952381
5,0,0,0,0,0,0,0,0
5,1,0,0,0,0,0,0,0
5,2,0,0,0,0,0,0,0
5,3,0,0,0,0,0,0,0
5,4,0,0,0,0,0,0,0
5,5,0,0,0,0,0,0,0
5,6,0,0,0,0,0,0,0
5,7,0,0,0,0,0,0,0
32,0,0,0,0,0,0,0,0
32,1,0,0,0,0,0,0,0
32,2,0,0,0,0,0,0,0
32,3,0,0,0,0,0,0,0
32,4,0,0,0,0,0,0,0
32,5,0,0,0,0,0,0,0
32,6,0,0,0,0,0,0,0
32,7,0,0,0,0,0,0,0
1,0,81,15.25423729,30,18.29268293,11,17.74193548,16.49808639
1,1,183,34.46327684,60,36.58536585,12,19.35483871,26.90905777
1,2,79,14.87758945,29,17.68292683,11,17.74193548,16.30976247
1,3,94,17.70244821,22,13.41463415,15,24.19354839,20.9479983
1,4,37,6.967984934,14,8.536585366,4,6.451612903,6.709798919
1,5,25,4.708097928,5,3.048780488,4,6.451612903,5.579855416
1,6,14,2.63653484,0,0,2,3.225806452,2.931170646
1,7,18,3.389830508,4,2.43902439,3,4.838709677,4.114270093
71,0,0,0,0,0,0,0,0
71,1,0,0,0,0,0,0,0
71,2,0,0,0,0,0,0,0
71,3,0,0,0,0,0,0,0
71,4,0,0,0,0,0,0,0
71,5,0,0,0,0,0,0,0
71,6,0,0,0,0,0,0,0
71,7,0,0,0,0,0,0,0
62,0,0,0,0,0,0,0,0
62,1,0,0,0,0,0,0,0
62,2,0,0,0,0,0,0,0
62,3,0,0,0,0,0,0,0
62,4,0,0,0,0,0,0,0
62,5,0,0,0,0,0,0,0
62,6,0,0,0,0,0,0,0
62,7,0,0,0,0,0,0,0
36,0,0,0,0,0,0,0,0
36,1,0,0,0,0,0,0,0
36,2,0,0,0,0,0,0,0
36,3,0,0,0,0,0,0,0
36,4,0,0,0,0,0,0,0
36,5,0,0,0,0,0,0,0
36,6,0,0,0,0,0,0,0
36,7,0,0,0,0,0,0,0
9,0,0,0,0,0,0,0,0
9,1,0,0,0,0,0,0,0
9,2,0,0,0,0,0,0,0
9,3,0,0,0,0,0,0,0
9,4,0,0,0,0,0,0,0
9,5,0,0,0,0,0,0,0
9,6,0,0,0,0,0,0,0
9,7,0,0,0,0,0,0,0
0,0,0,0,0,0,0,0,0
0,1,0,0,0,0,0,0,0
0,2,0,0,0,0,0,0,0
0,3,0,0,0,0,0,0,0
0,4,0,0,0,0,0,0,0
0,5,0,0,0,0,0,0,0
0,6,0,0,0,0,0,0,0
0,7,0,0,0,0,0,0,0
80,0,0,0,0,0,0,0,0
80,1,0,0,0,0,0,0,0
80,2,0,0,0,0,0,0,0
80,3,0,0,0,0,0,0,0
80,4,0,0,0,0,0,0,0
80,5,0,0,0,0,0,0,0
80,6,0,0,0,0,0,0,0
80,7,0,0,0,0,0,0,0
98,0,2128,36.77207534,969,39.97524752,295,44.09566517,40.43387026
98,1,2291,39.58873337,881,36.34488449,208,31.09118087,35.33995712
98,2,349,6.030758597,183,7.54950495,50,7.473841555,6.752300076
98,3,475,8.208052532,198,8.168316832,37,5.53064275,6.869347641
98,4,127,2.194574045,36,1.485148515,24,3.587443946,2.891008996
98,5,79,1.365128737,38,1.567656766,7,1.046337818,1.205733277
98,6,22,0.380162433,4,0.165016502,0,0,0.190081217
98,7,316,5.460514947,115,4.744224422,48,7.174887892,6.31770142
79,0,0,0,0,0,0,0,0
79,1,0,0,0,0,0,0,0
79,2,0,0,0,0,0,0,0
79,3,0,0,0,0,0,0,0
79,4,0,0,0,0,0,0,0
79,5,0,0,0,0,0,0,0
79,6,0,0,0,0,0,0,0
79,7,0,0,0,0,0,0,0
